[
    {
        "view_type": "chapter",
        "view_data": "[{\"ch_no\": \"CHAPTER 1: \",\"title\": \"Introduction to Java\",\"pf\": \"Free\",\"lesson_cf\": \"1 Lessons\"}]",
        "view_lessons": "[{\"view_type\": \"lesson\",\"view_data\": \"[{\\\"ls_no\\\": \\\"LESSON 1: \\\",\\\"title\\\": \\\"Introduction to Java\\\",\\\"lesson_cf\\\": \\\"1 Topics\\\"}]\"},{\"view_type\": \"lesson\",\"view_data\": \"[{\\\"ls_no\\\": \\\"LESSON 1: \\\",\\\"title\\\": \\\"Introduction to Java\\\",\\\"lesson_cf\\\": \\\"1 Topics\\\"}]\"}]"
    },
    {
        "view_type": "chapter",
        "view_data": "[{\"ch_no\": \"CHAPTER 1: \",\"title\": \"Introduction to Java\",\"pf\": \"Free\",\"lesson_cf\": \"1 Lessons\"}]",
        "view_lessons": "[{\"view_type\": \"lesson\",\"view_data\": \"[{\\\"ls_no\\\": \\\"LESSON 1: \\\",\\\"title\\\": \\\"Introduction to Java\\\",\\\"lesson_cf\\\": \\\"1 Topics\\\"}]\"}]"
    },
    {
        "view_type": "chapter",
        "view_data": "[{\"ch_no\": \"CHAPTER 1: \",\"title\": \"Introduction to Java\",\"pf\": \"Free\",\"lesson_cf\": \"1 Lessons\"}]",
        "view_lessons": "[{\"view_type\": \"lesson\",\"view_data\": \"[{\\\"ls_no\\\": \\\"LESSON 1: \\\",\\\"title\\\": \\\"Introduction to Java\\\",\\\"lesson_cf\\\": \\\"1 Topics\\\"}]\"}]"
    }
]