[
    {
        "view_type": "v_title",
        "view_data": "[{\"title\": \"Courses\"}]"
    },
    {
        "view_type": "v_course2",
        "view_data": "[{\"image\": \"as.png\", \"title\": \"Java\", \"activity\": \"NXT_NAME\", \"activity_data\": \"/courses/android_studio\"}, {\"image\": \"css.png\", \"title\": \"CSS\", \"activity\": \"NXT_NAME\", \"activity_data\": \"/courses/android_studio\"}]"
    },
    {
        "view_type": "v_course2",
        "view_data": "[{\"image\": \"as.png\", \"title\": \"Java\", \"activity\": \"NXT_NAME\", \"activity_data\": \"/courses/android_studio\"}, {\"image\": \"css.png\", \"title\": \"CSS\", \"activity\": \"NXT_NAME\", \"activity_data\": \"/courses/android_studio\"}]"
    },
    {
        "view_type": "v_course2",
        "view_data": "[{\"image\": \"as.png\", \"title\": \"Java\", \"activity\": \"NXT_NAME\", \"activity_data\": \"/courses/android_studio\"}, {\"image\": \"css.png\", \"title\": \"CSS\", \"activity\": \"NXT_NAME\", \"activity_data\": \"/courses/android_studio\"}]"
    }
]